Company,Profile
Experfy,https://www.linkedin.com/in/rebecca-wooten-4ba0b537?miniProfileUrn=urn%3Ali%3Afs_miniProfile%3AACoAAAeqz44B-JgiY8XAlCOkTljhQmEPbVVry-E
Experfy,https://www.linkedin.com/in/drdarshandesai?miniProfileUrn=urn%3Ali%3Afs_miniProfile%3AACoAAAD2TocBzldZJkMBHIQ_OuEM5Xa8kMGhLJQ
Experfy,https://www.linkedin.com/in/irma-s-1b90a894?miniProfileUrn=urn%3Ali%3Afs_miniProfile%3AACoAABPyYR0BlFtzB0kjaycCfHWA6IRYrNBDDz8
Experfy,https://www.linkedin.com/in/ACoAABPyYR0BlFtzB0kjaycCfHWA6IRYrNBDDz8
Experfy,https://www.linkedin.com/in/keith-couch?miniProfileUrn=urn%3Ali%3Afs_miniProfile%3AACoAAAR87CUB8JXJ43st7nGybdd62YuscE93PKs
Experfy,https://www.linkedin.com/in/louisimpagliazzo?miniProfileUrn=urn%3Ali%3Afs_miniProfile%3AACoAAAdegEEBcvP70hVcGEIJScvO79WlXOVa-sw
Experfy,https://www.linkedin.com/in/hsingh1?miniProfileUrn=urn%3Ali%3Afs_miniProfile%3AACoAAAAeKCgB469EyGZ01JVV71tDzoPMaTLA0cg
Experfy,https://www.linkedin.com/in/cynthia-nguyen-55822866?miniProfileUrn=urn%3Ali%3Afs_miniProfile%3AACoAAA3qUxQBRLUHnZPF5STZBBijcDkm41K9-Qw
Experfy,https://www.linkedin.com/in/milovan-krnjaji%C4%87-234929167?miniProfileUrn=urn%3Ali%3Afs_miniProfile%3AACoAACfTfAgBZHFFnu0XewW3arNkuXotpJzKB-s
Experfy,https://www.linkedin.com/in/jonathanfreyphd?miniProfileUrn=urn%3Ali%3Afs_miniProfile%3AACoAAABi_CQByP3JTdP5OVS4HdRsmBMgkaY0fv0
Experfy,https://www.linkedin.com/in/kengustin?miniProfileUrn=urn%3Ali%3Afs_miniProfile%3AACoAAAJkv0ABP2skpCIc-LJ2ACVQe5Kdq09knhg
Experfy,https://www.linkedin.com/in/ACoAAAJkv0ABP2skpCIc-LJ2ACVQe5Kdq09knhg
Harvard University,https://www.linkedin.com/in/jamesliounis?miniProfileUrn=urn%3Ali%3Afs_miniProfile%3AACoAACP2dVEBVw3dKneZxv8p12HhAcKnlWapW4Y
Harvard University,https://www.linkedin.com/in/vijay-thangella?miniProfileUrn=urn%3Ali%3Afs_miniProfile%3AACoAAAAjcikB1im_sLkrgfP8YasDD-KJOUdAAqM
Harvard University,https://www.linkedin.com/in/maxime-laasri-41306674?miniProfileUrn=urn%3Ali%3Afs_miniProfile%3AACoAAA-rkM8B1pTLHiextNhqw_VxHcRBlEmF_5s
Harvard University,https://www.linkedin.com/in/kevin-hare?miniProfileUrn=urn%3Ali%3Afs_miniProfile%3AACoAABpM6bQBCDEBpC6n-N33M19YQcUhMULAEN8
Harvard University,https://www.linkedin.com/in/gamino?miniProfileUrn=urn%3Ali%3Afs_miniProfile%3AACoAAAA_Oy8Bx9SkpL90JWZSZ-Mcp7RUkJi4Vfo
Harvard University,https://www.linkedin.com/in/robert-donnelly-4376579?miniProfileUrn=urn%3Ali%3Afs_miniProfile%3AACoAAAGynqsB3xJsp4gXK6O5XTg-PLWpAp4joCc
Harvard University,https://www.linkedin.com/in/paul-t-8373a0221?miniProfileUrn=urn%3Ali%3Afs_miniProfile%3AACoAADfDoqsB1QPaT8ukbQvIugHooLqCCUdxMxc
Harvard University,https://www.linkedin.com/in/ramynoaman?miniProfileUrn=urn%3Ali%3Afs_miniProfile%3AACoAAAp3gsMBfoLfgn16Q1IwOZk9u2hcQxELAog
Harvard University,https://www.linkedin.com/in/ACoAAAp3gsMBfoLfgn16Q1IwOZk9u2hcQxELAog
Harvard University,https://www.linkedin.com/in/qiuyang-yin-18b369159?miniProfileUrn=urn%3Ali%3Afs_miniProfile%3AACoAACX2V7sBWl12fZqkFjfryaWLmUiCZ4yrjkw
Harvard University,https://www.linkedin.com/in/sathiamayandi?miniProfileUrn=urn%3Ali%3Afs_miniProfile%3AACoAAAMXeJIBGf-fU_x9CsKUaRLfec3EDlpQafQ
Harvard University,https://www.linkedin.com/in/edwardcw?miniProfileUrn=urn%3Ali%3Afs_miniProfile%3AACoAABIVIbIBn_m67J6caboLEYvGkHHIim5EM6s
Harvard University,https://www.linkedin.com/in/connorcapitolo?miniProfileUrn=urn%3Ali%3Afs_miniProfile%3AACoAABWLK6cBr_c90mvWbWGVZUwV_gRJDjqCnz8
Harvard University,https://www.linkedin.com/in/goodmangu?miniProfileUrn=urn%3Ali%3Afs_miniProfile%3AACoAAACbq0AB3bd_rjsdn43_smazj0y6J7iPyTs
Harvard University,https://www.linkedin.com/in/vinodsangare?miniProfileUrn=urn%3Ali%3Afs_miniProfile%3AACoAAAF6WKwBYAps0qrplvgzlaVS0X9JPlNxkTk
Harvard University,https://www.linkedin.com/in/scottgolder?miniProfileUrn=urn%3Ali%3Afs_miniProfile%3AACoAAAACRbUBWIfSR9dMjRDqAXgvMaOwrHwq7SQ
Harvard University,https://www.linkedin.com/in/william-z-268b36126?miniProfileUrn=urn%3Ali%3Afs_miniProfile%3AACoAAB8iwPAB4I0-PKHPwCORLmGUpAjxI77OS70
Harvard University,https://www.linkedin.com/in/nkotova?miniProfileUrn=urn%3Ali%3Afs_miniProfile%3AACoAABf69K8BmKn5RU3oAjRQ-OSkB1URdm07MPs
Harvard University,https://www.linkedin.com/in/guanhuashu?miniProfileUrn=urn%3Ali%3Afs_miniProfile%3AACoAABelMf4BesRvVxMOcRRh1754Uzi9T3W51CM
Harvard University,https://www.linkedin.com/in/mantus?miniProfileUrn=urn%3Ali%3Afs_miniProfile%3AACoAAAJwTyMBXIff2iqE-1wZixcGXJSmurSBWUE
Harvard University,https://www.linkedin.com/in/patrick-k-herring?miniProfileUrn=urn%3Ali%3Afs_miniProfile%3AACoAAAjUfMwBxYHdBVvGSMdTa4pZOgr2q2v0lho
Harvard University,https://www.linkedin.com/in/phil-labrum-profile?miniProfileUrn=urn%3Ali%3Afs_miniProfile%3AACoAACBjT-oBVl1xK61GKvZTc2wZ7m8Vw_8xO3I
Harvard University,https://www.linkedin.com/in/tao-t-4404ba10a?miniProfileUrn=urn%3Ali%3Afs_miniProfile%3AACoAABt7kPABVr3BMVc8CQ0T04otRRz-K82d0lo
Harvard University,https://www.linkedin.com/in/daphne-tsoucas-3932385b?miniProfileUrn=urn%3Ali%3Afs_miniProfile%3AACoAAAyrsx8BchIKd3zJwX6BsUCuDKBhkQHBwmM
Harvard University,https://www.linkedin.com/in/svetlanakharlamova?miniProfileUrn=urn%3Ali%3Afs_miniProfile%3AACoAAAZiMPwB7hrN2bXQt2Fwc803S0f-AThwF5U
Harvard University,https://www.linkedin.com/in/cklin?miniProfileUrn=urn%3Ali%3Afs_miniProfile%3AACoAAAEpcDIB3_luCAR22DsF6FsJ7vWAlFqselc
Harvard University,https://www.linkedin.com/in/caldanarosenbe?miniProfileUrn=urn%3Ali%3Afs_miniProfile%3AACoAAAEeLwYBpL6RR8IHqiykFgNAmf86pNaTJOc
Harvard University,https://www.linkedin.com/in/yueheng-lu-9770a494?miniProfileUrn=urn%3Ali%3Afs_miniProfile%3AACoAABPySmsBr3KY4Qv_JU72Rw1V211zkhiopwo
Harvard University,https://www.linkedin.com/in/yuwenwu?miniProfileUrn=urn%3Ali%3Afs_miniProfile%3AACoAAAMYVKwB8E202yeIE6UaBhyVdpqJBBjJ83s
Harvard University,https://www.linkedin.com/in/ghadisebaali?miniProfileUrn=urn%3Ali%3Afs_miniProfile%3AACoAAAylOkoBmqaQPx8n5ESKE1wD5OkuiZyhWNU
Harvard University,https://www.linkedin.com/in/ptoroisaza?miniProfileUrn=urn%3Ali%3Afs_miniProfile%3AACoAABO89goB7twhpFIB42U-x_KydAH3fxCNWio
Harvard University,https://www.linkedin.com/in/bhaven-patel?miniProfileUrn=urn%3Ali%3Afs_miniProfile%3AACoAAB6AhBwB-6iROYo6q1jz9z5DUJ1Ovi29F6E
Harvard University,https://www.linkedin.com/in/aronszanto?miniProfileUrn=urn%3Ali%3Afs_miniProfile%3AACoAABIuW3IBi59WkJuHGwSTQH94slRU8iVn6TY
Harvard University,https://www.linkedin.com/in/andrew-puopolo-57b6a199?miniProfileUrn=urn%3Ali%3Afs_miniProfile%3AACoAABTsy-8B5srdFVuG2Iozdc5pwDQxRZAEcBg
Harvard University,https://www.linkedin.com/in/rohan-thavarajah-861756a3?miniProfileUrn=urn%3Ali%3Afs_miniProfile%3AACoAABYAhkkBtBQhPfLjeTTYqkeIOfxWzOkeVTg
Harvard University,https://www.linkedin.com/in/mohamad-moussa?miniProfileUrn=urn%3Ali%3Afs_miniProfile%3AACoAABCE8qcBDpKBS5tz4dKm2zs2qCg-fzjou_8
Harvard University,https://www.linkedin.com/in/elliott-bartsch-26786476?miniProfileUrn=urn%3Ali%3Afs_miniProfile%3AACoAABAlAm8Bdt2G9ZkwnKXlOFE08ybdRSy3BQM
Harvard University,https://www.linkedin.com/in/timsinaprem?miniProfileUrn=urn%3Ali%3Afs_miniProfile%3AACoAAAvdaeUBvV2O1HGoM_2BveQueGwT6PcYnEc
Harvard University,https://www.linkedin.com/in/camilo-fosco-990535b3?miniProfileUrn=urn%3Ali%3Afs_miniProfile%3AACoAABgbBjwByzJ7GL701P005eWp9j0CMeRO4ko
Harvard University,https://www.linkedin.com/in/srujana-kaddevarmuth-37a32b18?miniProfileUrn=urn%3Ali%3Afs_miniProfile%3AACoAAAObkk4BnKaNoi9pjQdMIGVN2UuNM2bEsbc
Harvard University,https://www.linkedin.com/in/jingyangharvard?miniProfileUrn=urn%3Ali%3Afs_miniProfile%3AACoAAAQBzoIBfSsKqQA2706l9kalboVnayvp4fk
Harvard University,https://www.linkedin.com/in/saket-dattatray-joshi?miniProfileUrn=urn%3Ali%3Afs_miniProfile%3AACoAACGfP_oBkUU0QYG-wn5ISCrqsJylEmrn3LM
Harvard University,https://www.linkedin.com/in/karthik-rao-126755129?miniProfileUrn=urn%3Ali%3Afs_miniProfile%3AACoAAB-c224BRooS19N2PexOPrQ30MwsR-kIssE
Harvard University,https://www.linkedin.com/in/keenan-venuti-in?miniProfileUrn=urn%3Ali%3Afs_miniProfile%3AACoAABMEcTwBB88dDzpZAgOgNkqKmip1wBmFAxg
Harvard University,https://www.linkedin.com/in/zhihuai-jason-zhu-1490a511?miniProfileUrn=urn%3Ali%3Afs_miniProfile%3AACoAAAJTnIkBHNqClM4WaS0f1k4tDf5NHq7znRk
Harvard University,https://www.linkedin.com/in/bhaweshiitk?miniProfileUrn=urn%3Ali%3Afs_miniProfile%3AACoAABs8W9YBGYyCuDHt6Mew_PXzzk483WN8nlg
Harvard University,https://www.linkedin.com/in/amandawrightphd?miniProfileUrn=urn%3Ali%3Afs_miniProfile%3AACoAAAGCnDIB0AdYc7QaHhQBfq1WXpWtF1rIcfQ
Harvard University,https://www.linkedin.com/in/zhen-dai-7bb78929?miniProfileUrn=urn%3Ali%3Afs_miniProfile%3AACoAAAX87T8BmvigZ-qM8AWYUI_eqtI9ewf95Qk
Harvard University,https://www.linkedin.com/in/scott-sun?miniProfileUrn=urn%3Ali%3Afs_miniProfile%3AACoAABi4bC8BjwJh4sdHP8sXcNH9AnkVH1zG8XQ
Corning Incorporated,https://www.linkedin.com/in/apoorva-sonavani?miniProfileUrn=urn%3Ali%3Afs_miniProfile%3AACoAABIe0ccBQ5vYV-1mkrOgQPJg0i9NqCaukCo
Corning Incorporated,https://www.linkedin.com/in/pejman-honarmandi-a669ab166?miniProfileUrn=urn%3Ali%3Afs_miniProfile%3AACoAACeohi4BMDw6Tj6D2jP56hvmX7iqSOI_5XM
Corning Incorporated,https://www.linkedin.com/in/ioannis-papavasileiou?miniProfileUrn=urn%3Ali%3Afs_miniProfile%3AACoAAAUSLQcBACxsEs6G7QqDQiyZWxcoy4fP7Rg
Corning Incorporated,https://www.linkedin.com/in/nina-kazarov-mba-22662333?miniProfileUrn=urn%3Ali%3Afs_miniProfile%3AACoAAAcIb34BC0U-we6s5a3vSHt5pNUcypGykx8
Corning Incorporated,https://www.linkedin.com/in/ming-yang-984a701a?miniProfileUrn=urn%3Ali%3Afs_miniProfile%3AACoAAAQSlHQBHOlb5_YZt7sojyD-tInhH7Oola0
Corning Incorporated,https://www.linkedin.com/in/himanshee?miniProfileUrn=urn%3Ali%3Afs_miniProfile%3AACoAAAN-2bIB3P-n3xOgLl_qxFmyE_AVNeLPDEg
Corning Incorporated,https://www.linkedin.com/in/jaymangalagiri?miniProfileUrn=urn%3Ali%3Afs_miniProfile%3AACoAABSxfMsBJVDnJAyr1Bp-ZYAn1GriircE0qU
Corning Incorporated,https://www.linkedin.com/in/zheren-wang?miniProfileUrn=urn%3Ali%3Afs_miniProfile%3AACoAACIxEdcByrJxMVDWd8Wqz3QbLWfcIJN_p4A
Corning Incorporated,https://www.linkedin.com/in/xu-guo-480018117?miniProfileUrn=urn%3Ali%3Afs_miniProfile%3AACoAAB0DOaABdhFFGfKlTXatb0wbqrc_d2TUDWU
Corning Incorporated,https://www.linkedin.com/in/pankajsyngh?miniProfileUrn=urn%3Ali%3Afs_miniProfile%3AACoAAAM5Vz0BO82pAplMhinlB4D1USOxH_-w9wo
Corning Incorporated,https://www.linkedin.com/in/mojtaba-shahabi-55400a86?miniProfileUrn=urn%3Ali%3Afs_miniProfile%3AACoAABInppABAK49g9zpJHUEP1u9vSlyeVN0zoM
Corning Incorporated,https://www.linkedin.com/in/franklin-lee-98173835?miniProfileUrn=urn%3Ali%3Afs_miniProfile%3AACoAAAdn0nEB4AA5rAzHvkNEl9cfG2mTY3plChE
Corning Incorporated,https://www.linkedin.com/in/hehua-chi-91577755?miniProfileUrn=urn%3Ali%3Afs_miniProfile%3AACoAAAuuj2EBx-nmotUCj-oZn6v-i8c7Dl5EP3I
Corning Incorporated,https://www.linkedin.com/in/jingxi-he-032a37181?miniProfileUrn=urn%3Ali%3Afs_miniProfile%3AACoAACsLqmYBW8srapJYDfqeXxEFns81hqerQj0
Corning Incorporated,https://www.linkedin.com/in/arun-92-baskaran?miniProfileUrn=urn%3Ali%3Afs_miniProfile%3AACoAAAv_hNgBz6poXY2eIXv2QG69VQi02wDCK-w
Corning Incorporated,https://www.linkedin.com/in/shihuwang?miniProfileUrn=urn%3Ali%3Afs_miniProfile%3AACoAADGUPAcBx8XNdVPr1RtVXyoLt557Wk-Fvbo
Corning Incorporated,https://www.linkedin.com/in/markpatrickjr?miniProfileUrn=urn%3Ali%3Afs_miniProfile%3AACoAABsev_UB3Bp0NqJhdby_a5-0iDWflA9e0P0
Corning Incorporated,https://www.linkedin.com/in/zhang-liu-26565516?miniProfileUrn=urn%3Ali%3Afs_miniProfile%3AACoAAANMoC0BYSJq9GLTC2vuR38dj03CyRAi8EM
Corning Incorporated,https://www.linkedin.com/in/matthew-hall-nyc?miniProfileUrn=urn%3Ali%3Afs_miniProfile%3AACoAACnm6t4Bgo2cy770h-sKEl6tyU-8-X6u-Gg
Corning Incorporated,https://www.linkedin.com/in/john-abbott-66837455?miniProfileUrn=urn%3Ali%3Afs_miniProfile%3AACoAAAufSbABFQhUotkFWSyp9M0EKCzGZn9WC54
Corning Incorporated,https://www.linkedin.com/in/rakib-hassan1996?miniProfileUrn=urn%3Ali%3Afs_miniProfile%3AACoAACS4LLoB_EyfQQCEeI18NchMr0ye8_0htJw
Corning Incorporated,https://www.linkedin.com/in/deniskamotsky?miniProfileUrn=urn%3Ali%3Afs_miniProfile%3AACoAAABDlKwBjuTH41Gp8oyZJQryHTmVrhurOlY
Corning Incorporated,https://www.linkedin.com/in/fatih-altay-90a4a8a8?miniProfileUrn=urn%3Ali%3Afs_miniProfile%3AACoAABbalRoBthDjluVCSQahJR66h8zyaXaz-74
Corning Incorporated,https://www.linkedin.com/in/asn95?miniProfileUrn=urn%3Ali%3Afs_miniProfile%3AACoAAB7_2LIBlynQf7lz4ZJ919kxohdZhrn_OTo
Corning Incorporated,https://www.linkedin.com/in/john-enright?miniProfileUrn=urn%3Ali%3Afs_miniProfile%3AACoAACVuGCkB4Pvsq1LzWW2yxe3IBwEJRzNg0Sc
Corning Incorporated,https://www.linkedin.com/in/utsav-jain-1408?miniProfileUrn=urn%3Ali%3Afs_miniProfile%3AACoAABHGXosBfRzGGmepsuSgqIgsOTXb3M4BxKA
Corning Incorporated,https://www.linkedin.com/in/amanda-yoder-7a9290b8?miniProfileUrn=urn%3Ali%3Afs_miniProfile%3AACoAABj1NXEB_G7C_iefRwvVES-8wBSBULKY9Pc
Corning Incorporated,https://www.linkedin.com/in/szeeshanrizvi?miniProfileUrn=urn%3Ali%3Afs_miniProfile%3AACoAAA3JkSgBtNlcObkPyu7aYsbg9a9K2glI9SQ
Corning Incorporated,https://www.linkedin.com/in/dr-adama-tandia-3a77b911?miniProfileUrn=urn%3Ali%3Afs_miniProfile%3AACoAAAJune8BMK4nRVs0u_WIW9j2x7o2nKoboAo
Corning Incorporated,https://www.linkedin.com/in/jamestruxon?miniProfileUrn=urn%3Ali%3Afs_miniProfile%3AACoAAAcqqn0BAnkbJ4OD1_WJyQeJuoQAW4mHiv8
Corning Incorporated,https://www.linkedin.com/in/neillukowski?miniProfileUrn=urn%3Ali%3Afs_miniProfile%3AACoAABFArncB0Fs0iw3sCuJyU6c7qjk2o21HvAw
Corning Incorporated,https://www.linkedin.com/in/soumachaudhury?miniProfileUrn=urn%3Ali%3Afs_miniProfile%3AACoAAABzp8gBvjvKUqeJKpDJ8N8l5rAHdrBaBO0
Corning Incorporated,https://www.linkedin.com/in/jarso?miniProfileUrn=urn%3Ali%3Afs_miniProfile%3AACoAAA6Udc4BkhvH6Y2YBGgslYiVsgY0GLfT23E
Corning Incorporated,https://www.linkedin.com/in/ronak-bhatt-92a7a677?miniProfileUrn=urn%3Ali%3Afs_miniProfile%3AACoAABBQG7IBlKD4aotuhh2MpBLXdML3wDTjzsc
Corning Incorporated,https://www.linkedin.com/in/chuck-mckinney?miniProfileUrn=urn%3Ali%3Afs_miniProfile%3AACoAAB8qfagBP5zI3VKX_xaJFyebHe3JqGLLwRw
Corning Incorporated,https://www.linkedin.com/in/alexander-mcinroy?miniProfileUrn=urn%3Ali%3Afs_miniProfile%3AACoAACKWWkkBfOPpduJcesSineRBAfjDHar87SA
Corning Incorporated,https://www.linkedin.com/in/zimu-su?miniProfileUrn=urn%3Ali%3Afs_miniProfile%3AACoAAAgNoeoBqo7L-yb9DBwewHqEq6srAXcnCNg
Corning Incorporated,https://www.linkedin.com/in/nick-quattrociocchi-3a392618a?miniProfileUrn=urn%3Ali%3Afs_miniProfile%3AACoAACyhmKsB_Imrn8D79Z9JWJ8RpO6U_e0CCXo
Corning Incorporated,https://www.linkedin.com/in/alec-arehart?miniProfileUrn=urn%3Ali%3Afs_miniProfile%3AACoAABWaGL8B6Yz2syY49kDhIrcCR89_O0q_Fag
Corning Incorporated,https://www.linkedin.com/in/sudipto-biswas-14950556?miniProfileUrn=urn%3Ali%3Afs_miniProfile%3AACoAAAvSPokBr5_4ggBhYkLMlbVxGbSOEiN2KxA
Corning Incorporated,https://www.linkedin.com/in/tanaypatel1996?miniProfileUrn=urn%3Ali%3Afs_miniProfile%3AACoAAB4q9BcB1ktXv_vWqLw6rP85Ycj8IVGjyaQ
Corning Incorporated,https://www.linkedin.com/in/karan-goyal-20bb30ab?miniProfileUrn=urn%3Ali%3Afs_miniProfile%3AACoAABd7aCsBT8HCKprCXXiOAY9sh_uDIUC1v9Y
Corning Incorporated,https://www.linkedin.com/in/tucker-burhans-010743b1?miniProfileUrn=urn%3Ali%3Afs_miniProfile%3AACoAABfHvEwBfdIqZRP0Pozev6KXzaocFnP4IEE
Corning Incorporated,https://www.linkedin.com/in/thomas-yu-8224b83?miniProfileUrn=urn%3Ali%3Afs_miniProfile%3AACoAAACblZoBq18L-FeQxAsJJNSj9xTl91-5jzE
Corning Incorporated,https://www.linkedin.com/in/li-helena-tao?miniProfileUrn=urn%3Ali%3Afs_miniProfile%3AACoAAALb_HUBuFWtQa9cvRokvs7IYORSbgIS2YM
Corning Incorporated,https://www.linkedin.com/in/mreveil?miniProfileUrn=urn%3Ali%3Afs_miniProfile%3AACoAAAV1gQ4BQkt-r0yV1UMYc78vF0JqzesnicY
WinMax,https://www.linkedin.com/in/neilton-saari-64242888?miniProfileUrn=urn%3Ali%3Afs_miniProfile%3AACoAABKSi5IBf4qGQISgCcRTNl-6FckndW3BAz0
Northeastern University,https://www.linkedin.com/in/mrinaaall?miniProfileUrn=urn%3Ali%3Afs_miniProfile%3AACoAABPsEVQBYBRyjPR1BzlmlQX-z9VevgFJcpk
Northeastern University,https://www.linkedin.com/in/vidheyoza?miniProfileUrn=urn%3Ali%3Afs_miniProfile%3AACoAAB588NMBeEtFbBZV4l7scJYygHywtSYLqLo
Northeastern University,https://www.linkedin.com/in/psamria?miniProfileUrn=urn%3Ali%3Afs_miniProfile%3AACoAABtYf64BwnszAFL1mbhCf2NY37afv86t-50
Northeastern University,https://www.linkedin.com/in/edward-mina?miniProfileUrn=urn%3Ali%3Afs_miniProfile%3AACoAABzzSwQBzHfLngGyZvWLsL7dLE-A1ibTKIY
Northeastern University,https://www.linkedin.com/in/singhchaman?miniProfileUrn=urn%3Ali%3Afs_miniProfile%3AACoAABhaXpIBq0NKvhniXFF2iugbrVBU3G73Jxc
Northeastern University,https://www.linkedin.com/in/suhas-maddali?miniProfileUrn=urn%3Ali%3Afs_miniProfile%3AACoAACEf3ycBqmC8mZCZ5vPcHMUdhtr1iVbkq9g
Northeastern University,https://www.linkedin.com/in/aakashs14?miniProfileUrn=urn%3Ali%3Afs_miniProfile%3AACoAACkCnLgBeTxHtwLJDazSWdK3f-niP7DFdYc
Northeastern University,https://www.linkedin.com/in/vignan-vennampally?miniProfileUrn=urn%3Ali%3Afs_miniProfile%3AACoAACaAVS8BY_Qqo05rmrsOWjXRSgkCEH32xKE
Northeastern University,https://www.linkedin.com/in/vaibhavsaraf1070?miniProfileUrn=urn%3Ali%3Afs_miniProfile%3AACoAACOIQmsBtep97PLQHLEUvTAF29KNBomZ4o8
Northeastern University,https://www.linkedin.com/in/suprateembanerjee?miniProfileUrn=urn%3Ali%3Afs_miniProfile%3AACoAAByrAAYBsKWYL1ENS4sLwAshXJRy_jRdE14
Northeastern University,https://www.linkedin.com/in/charu-priya-singh?miniProfileUrn=urn%3Ali%3Afs_miniProfile%3AACoAACcCQhYBbfczry88hNePpdHlJMBQidUcRSs
Northeastern University,https://www.linkedin.com/in/sushmasureshkalkunte?miniProfileUrn=urn%3Ali%3Afs_miniProfile%3AACoAABO72i8BL5E5VB-EoXf9wh5ePkM29jWCPIs
Northeastern University,https://www.linkedin.com/in/yogesharjunkumaar?miniProfileUrn=urn%3Ali%3Afs_miniProfile%3AACoAABk9sLcB7eLOS8UPjgzaUmV-IgDtsOoeqf4
Northeastern University,https://www.linkedin.com/in/jian-yang-8500692?miniProfileUrn=urn%3Ali%3Afs_miniProfile%3AACoAAABdR3wBwVBxzwS1LgO3H0to7_BywMgsFYk
Northeastern University,https://www.linkedin.com/in/urvisharma18?miniProfileUrn=urn%3Ali%3Afs_miniProfile%3AACoAABsOt-MBtCy1mmOwVf_gT9EaR1uYRsEZQp4
Northeastern University,https://www.linkedin.com/in/sakshisuman12?miniProfileUrn=urn%3Ali%3Afs_miniProfile%3AACoAAB1Az0MB6X56XHh7Cbn1s_DTENaqmvyqamY
Northeastern University,https://www.linkedin.com/in/danish-bhat-52907a19a?miniProfileUrn=urn%3Ali%3Afs_miniProfile%3AACoAAC6j3XEB8zs9SxIjCZdQa9BBOKX4sitRkik
Northeastern University,https://www.linkedin.com/in/snehal-pimple?miniProfileUrn=urn%3Ali%3Afs_miniProfile%3AACoAABvI5AoBRctgLGoV8hVB43mNOQGi3_AuCqI
Northeastern University,https://www.linkedin.com/in/pspramodh?miniProfileUrn=urn%3Ali%3Afs_miniProfile%3AACoAABTI_ZMBDPpJE47fMZbFGgTmoNdZi54eGG4
Northeastern University,https://www.linkedin.com/in/jinchaohou?miniProfileUrn=urn%3Ali%3Afs_miniProfile%3AACoAACp9pvIBQLoUspDq6f2VGfQiZ-KsQcdV2PY
Northeastern University,https://www.linkedin.com/in/jing-zheng-0362b2138?miniProfileUrn=urn%3Ali%3Afs_miniProfile%3AACoAACGA4KoBix3RY7n9M7jZRCKJAx3mFOMaWLA
Northeastern University,https://www.linkedin.com/in/lakshyakumar24?miniProfileUrn=urn%3Ali%3Afs_miniProfile%3AACoAABZTNe8BQSCDAFItAzHk6UkwKk8y-HAtvcA
Northeastern University,https://www.linkedin.com/in/shivani-jagtap?miniProfileUrn=urn%3Ali%3Afs_miniProfile%3AACoAACjIlUsBm2cU50GNAc3hq3oY6Yxij4WtIig
Northeastern University,https://www.linkedin.com/in/verma-gauri?miniProfileUrn=urn%3Ali%3Afs_miniProfile%3AACoAAC0Tf7sBs55QRaZfGUH_1iPcMmdZ0oCfBD4
Northeastern University,https://www.linkedin.com/in/guhaidong?miniProfileUrn=urn%3Ali%3Afs_miniProfile%3AACoAABr9dr4BPaJTBpwD8jbjI-fXzhoUZ1sl1LQ
Northeastern University,https://www.linkedin.com/in/rkhatu97?miniProfileUrn=urn%3Ali%3Afs_miniProfile%3AACoAACemrm0BzSBdfxW4SY3yZ3XWsVWfxQDqNuo
Northeastern University,https://www.linkedin.com/in/kiran-nanjundaswamy?miniProfileUrn=urn%3Ali%3Afs_miniProfile%3AACoAAA0-uCkBSd7Xr7K3eJBks11oomBLpMIM_8Q
Northeastern University,https://www.linkedin.com/in/nsudhanva?miniProfileUrn=urn%3Ali%3Afs_miniProfile%3AACoAABJYF6IB9jB3Kk74dW_4J2b-heV0QDh1tbg
Northeastern University,https://www.linkedin.com/in/saurabh-vaidya1905?miniProfileUrn=urn%3Ali%3Afs_miniProfile%3AACoAABQzN2sBAtH-GY6yYtzD8SbumotzJ7d58SI
Northeastern University,https://www.linkedin.com/in/ecansizoglu?miniProfileUrn=urn%3Ali%3Afs_miniProfile%3AACoAAAOp40UBxHe_1Rff0y45dYYrGfVWJOnumXI
Northeastern University,https://www.linkedin.com/in/vyshnavi-bhyravajosula?miniProfileUrn=urn%3Ali%3Afs_miniProfile%3AACoAACJKx1MBoAEfejmJOBL-B_exW_DQmIkBobM
Northeastern University,https://www.linkedin.com/in/ty-marking?miniProfileUrn=urn%3Ali%3Afs_miniProfile%3AACoAACHojsoBqyOnDk8zCcCaraRODFrarxay24k
Northeastern University,https://www.linkedin.com/in/shweta-kothawade?miniProfileUrn=urn%3Ali%3Afs_miniProfile%3AACoAAC7BvX0BEBHTJ6fEOjCjnvbWY8Bagob9mwU
Northeastern University,https://www.linkedin.com/in/erhanbas?miniProfileUrn=urn%3Ali%3Afs_miniProfile%3AACoAAAH4fj8BxSLZBaB5Uz16hjgv1aYZypIXcgw
Northeastern University,https://www.linkedin.com/in/shruti-telang?miniProfileUrn=urn%3Ali%3Afs_miniProfile%3AACoAACAaixABP02tudNi9mmIhOMhibWQ1NmK9Ts
Northeastern University,https://www.linkedin.com/in/sushrut-tadwalkar?miniProfileUrn=urn%3Ali%3Afs_miniProfile%3AACoAAB8nGEQBD8X7OwK71LhDwDnPeNyHIfBTqiw
Northeastern University,https://www.linkedin.com/in/kavyaps?miniProfileUrn=urn%3Ali%3Afs_miniProfile%3AACoAAChqMDYBeeqrIgDUtJejq8bdZkyazteN4Uo
Northeastern University,https://www.linkedin.com/in/akshit-badyal-255341159?miniProfileUrn=urn%3Ali%3Afs_miniProfile%3AACoAACX1gCEBeJLyHxp0bDxKCJUngb8YxDrFnWc
Northeastern University,https://www.linkedin.com/in/karansatwani?miniProfileUrn=urn%3Ali%3Afs_miniProfile%3AACoAACSVr6kBiYXdfSAtdtlwUGa22po3gezxfmE
Northeastern University,https://www.linkedin.com/in/kimia-shayestehfard-5814a775?miniProfileUrn=urn%3Ali%3Afs_miniProfile%3AACoAAA_pnHEBbxrbSg8OeFFukmOwwVzjygl9lvo
Northeastern University,https://www.linkedin.com/in/saint1729?miniProfileUrn=urn%3Ali%3Afs_miniProfile%3AACoAAAUMHj8BYhXJBX5HLMuSNhXhu9a2oLveMdU
Northeastern University,https://www.linkedin.com/in/vatsal-mehta-077a89155?miniProfileUrn=urn%3Ali%3Afs_miniProfile%3AACoAACVbTRsBT-Bb7ivJpZJiJPRtV_-Wq1K66uk
Northeastern University,https://www.linkedin.com/in/kartheek-karnati-a7a020111?miniProfileUrn=urn%3Ali%3Afs_miniProfile%3AACoAABvx9_4BdzQfg4gZq0ITk5oAE9GCuFVu4a0
Northeastern University,https://www.linkedin.com/in/shreyas-rk?miniProfileUrn=urn%3Ali%3Afs_miniProfile%3AACoAABWICZ0BESKuVX5__sDB2vPR-tj_IDb_awM
Northeastern University,https://www.linkedin.com/in/greeshmatatineni?miniProfileUrn=urn%3Ali%3Afs_miniProfile%3AACoAABbmOHwBGFaBO2shWkBeyMqJIfZWDlLk9zc
Northeastern University,https://www.linkedin.com/in/tkelestemur?miniProfileUrn=urn%3Ali%3Afs_miniProfile%3AACoAAAplLYcBJbAPs-1eFaTm71-KxvIGoZx9PYI
Northeastern University,https://www.linkedin.com/in/smruthi-ramesh-?miniProfileUrn=urn%3Ali%3Afs_miniProfile%3AACoAABuTAEEBaYcCQHQ3C5TttimC3e7BITM9PHM
Massachusetts Institute of Technology,https://www.linkedin.com/in/jamesliounis?miniProfileUrn=urn%3Ali%3Afs_miniProfile%3AACoAACP2dVEBVw3dKneZxv8p12HhAcKnlWapW4Y
Massachusetts Institute of Technology,https://www.linkedin.com/in/paul-t-8373a0221?miniProfileUrn=urn%3Ali%3Afs_miniProfile%3AACoAADfDoqsB1QPaT8ukbQvIugHooLqCCUdxMxc
Massachusetts Institute of Technology,https://www.linkedin.com/in/yeming-s-38a7a612?miniProfileUrn=urn%3Ali%3Afs_miniProfile%3AACoAAAKbyJoBrIFF_RhTKllDpfLvCCldJDnjYio
Massachusetts Institute of Technology,https://www.linkedin.com/in/leonardo-andres-zepeda-nunez?miniProfileUrn=urn%3Ali%3Afs_miniProfile%3AACoAAAssOCQBUSStdNGXIKNpKKJc-NDUiVuF-EQ
Massachusetts Institute of Technology,https://www.linkedin.com/in/nishanth-dikkala-67079150?miniProfileUrn=urn%3Ali%3Afs_miniProfile%3AACoAAArLN3QBqDjVXs0KKcQmQPett1QBnJO5gw8
Massachusetts Institute of Technology,https://www.linkedin.com/in/goodmangu?miniProfileUrn=urn%3Ali%3Afs_miniProfile%3AACoAAACbq0AB3bd_rjsdn43_smazj0y6J7iPyTs
Massachusetts Institute of Technology,https://www.linkedin.com/in/jordanmartz?miniProfileUrn=urn%3Ali%3Afs_miniProfile%3AACoAAACb-gQBjoInESnLCirBW1Npu4mddYsul34
Massachusetts Institute of Technology,https://www.linkedin.com/in/shaynetobrien?miniProfileUrn=urn%3Ali%3Afs_miniProfile%3AACoAABeBKisBUS-Owhh2ihPUkQqHrvnmFf12kGo
Massachusetts Institute of Technology,https://www.linkedin.com/in/xiumingzhang?miniProfileUrn=urn%3Ali%3Afs_miniProfile%3AACoAAAw8QoYBjdtRbVwomFoK1miH2V4b1j5ryEw
Massachusetts Institute of Technology,https://www.linkedin.com/in/guanhuashu?miniProfileUrn=urn%3Ali%3Afs_miniProfile%3AACoAABelMf4BesRvVxMOcRRh1754Uzi9T3W51CM
Massachusetts Institute of Technology,https://www.linkedin.com/in/carlosgomezuribe?miniProfileUrn=urn%3Ali%3Afs_miniProfile%3AACoAAAAMbMkBUYR8B9NC-fxqY8coQCEaqMnz0eA
Massachusetts Institute of Technology,https://www.linkedin.com/in/moh-kaddoura?miniProfileUrn=urn%3Ali%3Afs_miniProfile%3AACoAACQ013YB0Ar1NkPZ6zPjcUtYYJMnrZIpzSM
Massachusetts Institute of Technology,https://www.linkedin.com/in/chadloh?miniProfileUrn=urn%3Ali%3Afs_miniProfile%3AACoAABVaKnUBQ9IEpwVH0yfCLi1DleudnGY34as
Massachusetts Institute of Technology,https://www.linkedin.com/in/colehoffer?miniProfileUrn=urn%3Ali%3Afs_miniProfile%3AACoAABV1bAUBajEt0q_DMuC2ZiKJxym5anQRiLY
Massachusetts Institute of Technology,https://www.linkedin.com/in/cole-baker-724573130?miniProfileUrn=urn%3Ali%3Afs_miniProfile%3AACoAACAei0wB218on5jiZyI6b288PKCCQ9-brXM
Massachusetts Institute of Technology,https://www.linkedin.com/in/adnano?miniProfileUrn=urn%3Ali%3Afs_miniProfile%3AACoAAABXzTwB2vcK4qGRJgxF7gvUn9qSXOF0NMM
Massachusetts Institute of Technology,https://www.linkedin.com/in/chiao-lun-cheng-87a4a34?miniProfileUrn=urn%3Ali%3Afs_miniProfile%3AACoAAADIsx4BJZ4BzRnf4Bc5QoS7gkpkN_sPWU8
Massachusetts Institute of Technology,https://www.linkedin.com/in/dariayurova?miniProfileUrn=urn%3Ali%3Afs_miniProfile%3AACoAAAYamj0BdKHordDOVU-VDCDQE7JE1J7KlcA
Massachusetts Institute of Technology,https://www.linkedin.com/in/audace?miniProfileUrn=urn%3Ali%3Afs_miniProfile%3AACoAABuSQQ0BRTtP5zf6WDdjdjQ30cQ90zIPrD0
Massachusetts Institute of Technology,https://www.linkedin.com/in/aldo-pacchiano-49573150?miniProfileUrn=urn%3Ali%3Afs_miniProfile%3AACoAAArJUHEBHY-BelX5WnqP3A4Qi4rYUOFSoKE
Massachusetts Institute of Technology,https://www.linkedin.com/in/iasim?miniProfileUrn=urn%3Ali%3Afs_miniProfile%3AACoAAAWCrKMBt1pzQFb6iTrjniej4h0CQ4kIuTg
Massachusetts Institute of Technology,https://www.linkedin.com/in/camilo-fosco-990535b3?miniProfileUrn=urn%3Ali%3Afs_miniProfile%3AACoAABgbBjwByzJ7GL701P005eWp9j0CMeRO4ko
Massachusetts Institute of Technology,https://www.linkedin.com/in/saket-dattatray-joshi?miniProfileUrn=urn%3Ali%3Afs_miniProfile%3AACoAACGfP_oBkUU0QYG-wn5ISCrqsJylEmrn3LM
Massachusetts Institute of Technology,https://www.linkedin.com/in/bhaweshiitk?miniProfileUrn=urn%3Ali%3Afs_miniProfile%3AACoAABs8W9YBGYyCuDHt6Mew_PXzzk483WN8nlg
Massachusetts Institute of Technology,https://www.linkedin.com/in/j-hung?miniProfileUrn=urn%3Ali%3Afs_miniProfile%3AACoAAAI2-gEBoFT4sbgyz44hp-3IbMsIuyJD5ZA
Massachusetts Institute of Technology,https://www.linkedin.com/in/diego-pinochet?miniProfileUrn=urn%3Ali%3Afs_miniProfile%3AACoAAAv5LF4BY3crepH6fChQzdVeqs7gCsR_7U0
Massachusetts Institute of Technology,https://www.linkedin.com/in/sumeet-kumar-29728b10?miniProfileUrn=urn%3Ali%3Afs_miniProfile%3AACoAAAItK9MBO_HbiwVm0hQL5Q7o8DH6CV6Ahoo
Massachusetts Institute of Technology,https://www.linkedin.com/in/jocelyn-beauchesne?miniProfileUrn=urn%3Ali%3Afs_miniProfile%3AACoAABd8nzEBbmqBySqb7hO5_fUy6Bee0cnDN2A
Massachusetts Institute of Technology,https://www.linkedin.com/in/nithin-buduma-597937102?miniProfileUrn=urn%3Ali%3Afs_miniProfile%3AACoAABofcYMBY97EEbzx57VV3q-f3XnT_Oj3t5U
Massachusetts Institute of Technology,https://www.linkedin.com/in/priscillajwu?miniProfileUrn=urn%3Ali%3Afs_miniProfile%3AACoAAB65vmgB522qNdZqZv36XrXenIwT1p3bmPU
Massachusetts Institute of Technology,https://www.linkedin.com/in/ericaleeai?miniProfileUrn=urn%3Ali%3Afs_miniProfile%3AACoAAAMwuaABtZ-chFMCi2yhY9fwxaPqGn2Wf7I
Massachusetts Institute of Technology,https://www.linkedin.com/in/trey-morrow?miniProfileUrn=urn%3Ali%3Afs_miniProfile%3AACoAAAlUFLsBneQ6VSkPgBlTH9sL1k_EH8--9Tk
Massachusetts Institute of Technology,https://www.linkedin.com/in/umeton?miniProfileUrn=urn%3Ali%3Afs_miniProfile%3AACoAAAEMAsgBJpmR4ByxdFxbeJkYtLvKpG9SNaU
Massachusetts Institute of Technology,https://www.linkedin.com/in/olaoluwa-idowu?miniProfileUrn=urn%3Ali%3Afs_miniProfile%3AACoAADiOsf8BrXo2Upaty06nTJhdeprg-R6J0lg
Massachusetts Institute of Technology,https://www.linkedin.com/in/productmanagergrowthml?miniProfileUrn=urn%3Ali%3Afs_miniProfile%3AACoAAAyVtiEBcreCR1yI0N3lC-GfaYwOPpP1hUc
Massachusetts Institute of Technology,https://www.linkedin.com/in/gilbert-leung-a600a51?miniProfileUrn=urn%3Ali%3Afs_miniProfile%3AACoAAAAw4agB5Qi8z42JPwDZjWcP328foUIG0fk
Massachusetts Institute of Technology,https://www.linkedin.com/in/vipulppatel?miniProfileUrn=urn%3Ali%3Afs_miniProfile%3AACoAAAB3AHoBSH29_D4A4-8Ti_lr1BBwERhdpSc
Massachusetts Institute of Technology,https://www.linkedin.com/in/yunb?miniProfileUrn=urn%3Ali%3Afs_miniProfile%3AACoAABUZsfkB0EfNm9ibmSd5fGHdLfqxojquRNE
Massachusetts Institute of Technology,https://www.linkedin.com/in/npofc?miniProfileUrn=urn%3Ali%3Afs_miniProfile%3AACoAACgSSIkB8gjECQiDpEU5Fho4ZPUSnmKje7w
Massachusetts Institute of Technology,https://www.linkedin.com/in/nadiiachepurko?miniProfileUrn=urn%3Ali%3Afs_miniProfile%3AACoAAA-m178B39uioZM853il7oE0VLhjFRdVj6o
Massachusetts Institute of Technology,https://www.linkedin.com/in/nabibahmed?miniProfileUrn=urn%3Ali%3Afs_miniProfile%3AACoAABUOyO0B3w1-nX_KE5DRp74CEoJ5z4iYoJU
Massachusetts Institute of Technology,https://www.linkedin.com/in/devesh-srivastava-70a5a818?miniProfileUrn=urn%3Ali%3Afs_miniProfile%3AACoAAAOln_oB-NcLr7kRJBPW1QIJJhIIwLnsF0M
Massachusetts Institute of Technology,https://www.linkedin.com/in/harinidkannan?miniProfileUrn=urn%3Ali%3Afs_miniProfile%3AACoAAAxoM8gB8S1A9N9T8pevzAjp2eUINWDd0tg
Massachusetts Institute of Technology,https://www.linkedin.com/in/dr-deanne-larson-a96159b?miniProfileUrn=urn%3Ali%3Afs_miniProfile%3AACoAAAH609IBXWQlvwdFbJD92J4NhhLD_5qM0b8
Massachusetts Institute of Technology,https://www.linkedin.com/in/alex-diu-chung?miniProfileUrn=urn%3Ali%3Afs_miniProfile%3AACoAABRJwlUBd5q-5OtenX1j8c5aiKMdCJciO6Y
Massachusetts Institute of Technology,https://www.linkedin.com/in/sihanye?miniProfileUrn=urn%3Ali%3Afs_miniProfile%3AACoAABh-1tEB1Q4yrlD5Fyz6GQTt1ohxCFv-_yQ
Massachusetts Institute of Technology,https://www.linkedin.com/in/evensara?miniProfileUrn=urn%3Ali%3Afs_miniProfile%3AACoAABE_uXgBzVmxf_wdPlOz_ACwvQF2EuckXyc
SynergisticIT,https://www.linkedin.com/in/pavani-moturu?miniProfileUrn=urn%3Ali%3Afs_miniProfile%3AACoAAC4gXUQBPx2av8zwQbtYjoBKg7oitH8T-RU
SynergisticIT,https://www.linkedin.com/in/germaine-nishimirwe?miniProfileUrn=urn%3Ali%3Afs_miniProfile%3AACoAACg7oBQBhHs8-KW5bgIIMMthu6G1QmA3d58
SynergisticIT,https://www.linkedin.com/in/leon-lin-86872b148?miniProfileUrn=urn%3Ali%3Afs_miniProfile%3AACoAACO0BRABaVjHutg3nlAcfqJ21XQ_FTl3WI8
SynergisticIT,https://www.linkedin.com/in/asalah-alian-71b808237?miniProfileUrn=urn%3Ali%3Afs_miniProfile%3AACoAADsHygcBDrtOtbjOMQUAQiDdsgMHC5RH2fA
SynergisticIT,https://www.linkedin.com/in/sathish-jayaraman-90270624b?miniProfileUrn=urn%3Ali%3Afs_miniProfile%3AACoAAD3c8ZIBvOp0hAfg1IgfdCwdrw3omrK_aQY
SynergisticIT,https://www.linkedin.com/in/danny-tram?miniProfileUrn=urn%3Ali%3Afs_miniProfile%3AACoAACeymbsBtHtmjtsZy8jaWHlVx-pdiLqHTrg
SynergisticIT,https://www.linkedin.com/in/gayathri-addagada?miniProfileUrn=urn%3Ali%3Afs_miniProfile%3AACoAABxyMdEBc2Ff_YkVihizOaZv-ol_nlFNPQI
SynergisticIT,https://www.linkedin.com/in/thomas-zou-bb057b229?miniProfileUrn=urn%3Ali%3Afs_miniProfile%3AACoAADk3E_QBvb8JBkTLyNX5f7Oa67-lPUkJA-o
SynergisticIT,https://www.linkedin.com/in/sumaya-alzuhairy-090784209?miniProfileUrn=urn%3Ali%3Afs_miniProfile%3AACoAADT5R2wBREYLOdZyG2gFSyj2xLUwo0_uII4
HexaQuEST Global,https://www.linkedin.com/in/penumala-dilipkumar-759b771a2?miniProfileUrn=urn%3Ali%3Afs_miniProfile%3AACoAAC-DznUBiCsnEjoxGoLEmDbCi0BzAYe07-0
Energy Solutions,https://www.linkedin.com/in/warren-shealy-17196713a?miniProfileUrn=urn%3Ali%3Afs_miniProfile%3AACoAACH1IiUBrKq0tM8eQmo9iNaiXtOIdmitL9M
Energy Solutions,https://www.linkedin.com/in/mjs1998?miniProfileUrn=urn%3Ali%3Afs_miniProfile%3AACoAAC_gndsBzfJpelPIryPaG0C2VvNtv0QRLDU
Energy Solutions,https://www.linkedin.com/in/dylan-sarkisian-9b631271?miniProfileUrn=urn%3Ali%3Afs_miniProfile%3AACoAAA8smBoB5TgdsfunZfIeB2XsGLKMzzIa1I4
Energy Solutions,https://www.linkedin.com/in/cassidee-kido-58488999?miniProfileUrn=urn%3Ali%3Afs_miniProfile%3AACoAABTz9_QBKeNljq-88UHG7dseHbR6cuUboHA
Energy Solutions,https://www.linkedin.com/in/davidshinabarger?miniProfileUrn=urn%3Ali%3Afs_miniProfile%3AACoAAAQRw3UBEkOvo2OFQlWuZDG6XcFd4O3t-GA
Energy Solutions,https://www.linkedin.com/in/ACoAAAQRw3UBEkOvo2OFQlWuZDG6XcFd4O3t-GA
Energy Solutions,https://www.linkedin.com/in/abigayleshank?miniProfileUrn=urn%3Ali%3Afs_miniProfile%3AACoAACMg0tUBoL2kAKCyq_GJUzjfwEBleS4PZR0
Energy Solutions,https://www.linkedin.com/in/raina-carter-aa2a5471?miniProfileUrn=urn%3Ali%3Afs_miniProfile%3AACoAAA9IfhoBb1GDCaHuLTq0qVvwtTQL_JjBzB8
Energy Solutions,https://www.linkedin.com/in/benkremer?miniProfileUrn=urn%3Ali%3Afs_miniProfile%3AACoAAADF3z4BVF-iDAypt_Krcn8l5ShCFbzgmpo
Energy Solutions,https://www.linkedin.com/in/yijie-shi-6742ab79?miniProfileUrn=urn%3Ali%3Afs_miniProfile%3AACoAABCYX_gB9wh4l5NmFpFTKbCwMCkZxprUX1Y
Energy Solutions,https://www.linkedin.com/in/oscar-tapia2?miniProfileUrn=urn%3Ali%3Afs_miniProfile%3AACoAACK3ntkBXVRptlAuauVRo6CI02T0E35I09Q
Energy Solutions,https://www.linkedin.com/in/emily-keller0021?miniProfileUrn=urn%3Ali%3Afs_miniProfile%3AACoAAB6auo0B0BoovomuaJ4wxv_hkDe9H3YfYCY
Energy Solutions,https://www.linkedin.com/in/amanda-walker-mpa-80732834?miniProfileUrn=urn%3Ali%3Afs_miniProfile%3AACoAAAcqwIcBxB6_evk8GAAcUfNLesTooG2JjI0
"CareMetx, LLC",https://www.linkedin.com/in/helivvora?miniProfileUrn=urn%3Ali%3Afs_miniProfile%3AACoAAA11Mi8BWsS-00Hm_t7_jzgItscaXDkiLq8
"CareMetx, LLC",https://www.linkedin.com/in/jmackin?miniProfileUrn=urn%3Ali%3Afs_miniProfile%3AACoAAACJBRsB6yB8R4wxWPzvJVSLN_LTNhzJWHE
"CareMetx, LLC",https://www.linkedin.com/in/caroline-fernandes-a5b399110?miniProfileUrn=urn%3Ali%3Afs_miniProfile%3AACoAABvSP6cBFZ6CApyRH9M6xfjTbl1Z1L1LVQ4
"CareMetx, LLC",https://www.linkedin.com/in/dominic-george-sebastian-7b052250?miniProfileUrn=urn%3Ali%3Afs_miniProfile%3AACoAAArBb_QBENS9_yQ6jZ0-8GGkTGMbZVBvmwI
"CareMetx, LLC",https://www.linkedin.com/in/matthew-thomas-794162178?miniProfileUrn=urn%3Ali%3Afs_miniProfile%3AACoAACoGg-ABURP9tGXvyI3i9Khp46zEO1xQ9VU
"CareMetx, LLC",https://www.linkedin.com/in/elclarke?miniProfileUrn=urn%3Ali%3Afs_miniProfile%3AACoAAAAp1mYBU67RMtDCAjHO2OHsBjVkgH3tlss
"CareMetx, LLC",https://www.linkedin.com/in/allisonsacco?miniProfileUrn=urn%3Ali%3Afs_miniProfile%3AACoAABLAupoBZDPbwwrKRvCNFYbyfxoH1DvCeZM
Intellectt Inc,https://www.linkedin.com/in/prudhvi-sai-suresh-reddy-gudimetla-905558211?miniProfileUrn=urn%3Ali%3Afs_miniProfile%3AACoAADWnHBUBc9ef1SSN_LPpMXIZvnRuEsYCG4k
